section,root_cat_name,price_bucket,period,total_clicks,total_conversions,total_revenue,expected_cr,expected_rpc,expected_rpo
"CATEGORY BENCHMARKS (BOTH SHOPS 10 & 463)","Auto & Motorrad","<= 10",Post-CPO,3588,324,165.74,0.0903,0.046193,0.511543
"CATEGORY BENCHMARKS (BOTH SHOPS 10 & 463)","Auto & Motorrad","<= 10",Pre-CPO,62,0,3.96,0.0000,0.063871,NULL
"CATEGORY BENCHMARKS (BOTH SHOPS 10 & 463)","Auto & Motorrad","<= 100",Post-CPO,17559,1501,891.44,0.0855,0.050768,0.593897
"CATEGORY BENCHMARKS (BOTH SHOPS 10 & 463)","Auto & Motorrad","<= 100",Pre-CPO,1632,6,138.03,0.0037,0.084577,23.005000
"CATEGORY BENCHMARKS (BOTH SHOPS 10 & 463)","Auto & Motorrad","<= 1000",Post-CPO,8349,420,1000.30,0.0503,0.119811,2.381667
"CATEGORY BENCHMARKS (BOTH SHOPS 10 & 463)","Auto & Motorrad","<= 1000",Pre-CPO,697,2,57.38,0.0029,0.082324,28.690000
"CATEGORY BENCHMARKS (BOTH SHOPS 10 & 463)","Auto & Motorrad","<= 20",Post-CPO,5288,580,233.27,0.1097,0.044113,0.402190
"CATEGORY BENCHMARKS (BOTH SHOPS 10 & 463)","Auto & Motorrad","<= 20",Pre-CPO,1385,5,118.22,0.0036,0.085357,23.644000
"CATEGORY BENCHMARKS (BOTH SHOPS 10 & 463)","Auto & Motorrad","<= 250",Post-CPO,39700,2953,2486.26,0.0744,0.062626,0.841944
"CATEGORY BENCHMARKS (BOTH SHOPS 10 & 463)","Auto & Motorrad","<= 250",Pre-CPO,4565,15,389.96,0.0033,0.085424,25.997333
"CATEGORY BENCHMARKS (BOTH SHOPS 10 & 463)","Auto & Motorrad","<= 50",Post-CPO,13159,1387,542.30,0.1054,0.041211,0.390988
"CATEGORY BENCHMARKS (BOTH SHOPS 10 & 463)","Auto & Motorrad","<= 50",Pre-CPO,1081,4,89.29,0.0037,0.082599,22.322500
"CATEGORY BENCHMARKS (BOTH SHOPS 10 & 463)","Auto & Motorrad","<= 500",Post-CPO,21825,1248,1658.62,0.0572,0.075996,1.329022
"CATEGORY BENCHMARKS (BOTH SHOPS 10 & 463)","Auto & Motorrad","<= 500",Pre-CPO,1677,3,136.79,0.0018,0.081568,45.596667
"CATEGORY BENCHMARKS (BOTH SHOPS 10 & 463)","Auto & Motorrad","> 1000",Post-CPO,30969,1615,4814.01,0.0521,0.155446,2.980811
"CATEGORY BENCHMARKS (BOTH SHOPS 10 & 463)","Auto & Motorrad","> 1000",Pre-CPO,7228,2,639.25,0.0003,0.088441,319.625000
"CATEGORY BENCHMARKS (BOTH SHOPS 10 & 463)",Elektroartikel,"<= 10",Post-CPO,21286,1765,736.83,0.0829,0.034616,0.417467
"CATEGORY BENCHMARKS (BOTH SHOPS 10 & 463)",Elektroartikel,"<= 10",Pre-CPO,5528,16,547.38,0.0029,0.099020,34.211250
"CATEGORY BENCHMARKS (BOTH SHOPS 10 & 463)",Elektroartikel,"<= 100",Post-CPO,416535,59460,31077.05,0.1427,0.074608,0.522655
"CATEGORY BENCHMARKS (BOTH SHOPS 10 & 463)",Elektroartikel,"<= 100",Pre-CPO,126039,301,14269.70,0.0024,0.113217,47.407641
"CATEGORY BENCHMARKS (BOTH SHOPS 10 & 463)",Elektroartikel,"<= 1000",Post-CPO,1003310,108937,179709.49,0.1086,0.179117,1.649664
"CATEGORY BENCHMARKS (BOTH SHOPS 10 & 463)",Elektroartikel,"<= 1000",Pre-CPO,350927,679,41652.62,0.0019,0.118693,61.344065
"CATEGORY BENCHMARKS (BOTH SHOPS 10 & 463)",Elektroartikel,"<= 20",Post-CPO,72092,9242,3209.11,0.1282,0.044514,0.347231
"CATEGORY BENCHMARKS (BOTH SHOPS 10 & 463)",Elektroartikel,"<= 20",Pre-CPO,20560,64,2129.38,0.0031,0.103569,33.271563
"CATEGORY BENCHMARKS (BOTH SHOPS 10 & 463)",Elektroartikel,"<= 250",Post-CPO,916929,119194,85988.65,0.1300,0.093779,0.721418
"CATEGORY BENCHMARKS (BOTH SHOPS 10 & 463)",Elektroartikel,"<= 250",Pre-CPO,259814,623,28551.06,0.0024,0.109890,45.828347
"CATEGORY BENCHMARKS (BOTH SHOPS 10 & 463)",Elektroartikel,"<= 50",Post-CPO,288366,41591,16733.81,0.1442,0.058030,0.402342
"CATEGORY BENCHMARKS (BOTH SHOPS 10 & 463)",Elektroartikel,"<= 50",Pre-CPO,82029,240,9173.58,0.0029,0.111833,38.223250
"CATEGORY BENCHMARKS (BOTH SHOPS 10 & 463)",Elektroartikel,"<= 500",Post-CPO,1160730,144010,166832.28,0.1241,0.143730,1.158477
"CATEGORY BENCHMARKS (BOTH SHOPS 10 & 463)",Elektroartikel,"<= 500",Pre-CPO,387649,709,44697.34,0.0018,0.115304,63.042793
"CATEGORY BENCHMARKS (BOTH SHOPS 10 & 463)",Elektroartikel,"> 1000",Post-CPO,568161,47696,89470.04,0.0839,0.157473,1.875839
"CATEGORY BENCHMARKS (BOTH SHOPS 10 & 463)",Elektroartikel,"> 1000",Pre-CPO,175494,322,18391.57,0.0018,0.104799,57.116677
"CATEGORY BENCHMARKS (BOTH SHOPS 10 & 463)","Haus & Garten","<= 10",Post-CPO,42399,4780,2170.65,0.1127,0.051196,0.454111
"CATEGORY BENCHMARKS (BOTH SHOPS 10 & 463)","Haus & Garten","<= 10",Pre-CPO,6086,44,538.82,0.0072,0.088534,12.245909
"CATEGORY BENCHMARKS (BOTH SHOPS 10 & 463)","Haus & Garten","<= 100",Post-CPO,540329,72442,53441.33,0.1341,0.098905,0.737712
"CATEGORY BENCHMARKS (BOTH SHOPS 10 & 463)","Haus & Garten","<= 100",Pre-CPO,95652,304,8875.12,0.0032,0.092786,29.194474
"CATEGORY BENCHMARKS (BOTH SHOPS 10 & 463)","Haus & Garten","<= 1000",Post-CPO,293772,25133,47929.56,0.0856,0.163152,1.907037
"CATEGORY BENCHMARKS (BOTH SHOPS 10 & 463)","Haus & Garten","<= 1000",Pre-CPO,59530,71,5571.59,0.0012,0.093593,78.473099
"CATEGORY BENCHMARKS (BOTH SHOPS 10 & 463)","Haus & Garten","<= 20",Post-CPO,174776,24273,11276.13,0.1389,0.064518,0.464554
"CATEGORY BENCHMARKS (BOTH SHOPS 10 & 463)","Haus & Garten","<= 20",Pre-CPO,28234,134,2582.40,0.0047,0.091464,19.271642
"CATEGORY BENCHMARKS (BOTH SHOPS 10 & 463)","Haus & Garten","<= 250",Post-CPO,701700,84707,95402.50,0.1207,0.135959,1.126265
"CATEGORY BENCHMARKS (BOTH SHOPS 10 & 463)","Haus & Garten","<= 250",Pre-CPO,131240,328,12272.88,0.0025,0.093515,37.417317
"CATEGORY BENCHMARKS (BOTH SHOPS 10 & 463)","Haus & Garten","<= 50",Post-CPO,550327,84824,46013.69,0.1541,0.083612,0.542461
"CATEGORY BENCHMARKS (BOTH SHOPS 10 & 463)","Haus & Garten","<= 50",Pre-CPO,91006,434,8349.55,0.0048,0.091747,19.238594
"CATEGORY BENCHMARKS (BOTH SHOPS 10 & 463)","Haus & Garten","<= 500",Post-CPO,389224,39055,58122.73,0.1003,0.149330,1.488228
"CATEGORY BENCHMARKS (BOTH SHOPS 10 & 463)","Haus & Garten","<= 500",Pre-CPO,82508,138,7661.07,0.0017,0.092852,55.515000
"CATEGORY BENCHMARKS (BOTH SHOPS 10 & 463)","Haus & Garten","> 1000",Post-CPO,190097,13979,35462.12,0.0735,0.186547,2.536814
"CATEGORY BENCHMARKS (BOTH SHOPS 10 & 463)","Haus & Garten","> 1000",Pre-CPO,28843,60,2732.50,0.0021,0.094737,45.541667
"CATEGORY BENCHMARKS (BOTH SHOPS 10 & 463)","Mode & Accessoire","<= 10",Post-CPO,7509,982,557.11,0.1308,0.074192,0.567322
"CATEGORY BENCHMARKS (BOTH SHOPS 10 & 463)","Mode & Accessoire","<= 10",Pre-CPO,755,6,72.49,0.0079,0.096013,12.081667
"CATEGORY BENCHMARKS (BOTH SHOPS 10 & 463)","Mode & Accessoire","<= 100",Post-CPO,1005728,138760,115656.55,0.1380,0.114998,0.833501
"CATEGORY BENCHMARKS (BOTH SHOPS 10 & 463)","Mode & Accessoire","<= 100",Pre-CPO,229761,435,23267.36,0.0019,0.101268,53.488184
"CATEGORY BENCHMARKS (BOTH SHOPS 10 & 463)","Mode & Accessoire","<= 1000",Post-CPO,9060,615,1380.45,0.0679,0.152368,2.244634
"CATEGORY BENCHMARKS (BOTH SHOPS 10 & 463)","Mode & Accessoire","<= 1000",Pre-CPO,1356,1,132.19,0.0007,0.097485,132.190000
"CATEGORY BENCHMARKS (BOTH SHOPS 10 & 463)","Mode & Accessoire","<= 20",Post-CPO,83840,12300,8090.87,0.1467,0.096504,0.657794
"CATEGORY BENCHMARKS (BOTH SHOPS 10 & 463)","Mode & Accessoire","<= 20",Pre-CPO,17116,29,1719.31,0.0017,0.100450,59.286552
"CATEGORY BENCHMARKS (BOTH SHOPS 10 & 463)","Mode & Accessoire","<= 250",Post-CPO,723937,82402,88010.49,0.1138,0.121572,1.068063
"CATEGORY BENCHMARKS (BOTH SHOPS 10 & 463)","Mode & Accessoire","<= 250",Pre-CPO,113951,404,11512.71,0.0035,0.101032,28.496807
"CATEGORY BENCHMARKS (BOTH SHOPS 10 & 463)","Mode & Accessoire","<= 50",Post-CPO,601377,87800,57991.22,0.1460,0.096431,0.660492
"CATEGORY BENCHMARKS (BOTH SHOPS 10 & 463)","Mode & Accessoire","<= 50",Pre-CPO,129498,253,13054.64,0.0020,0.100810,51.599368
"CATEGORY BENCHMARKS (BOTH SHOPS 10 & 463)","Mode & Accessoire","<= 500",Post-CPO,82484,7081,12061.08,0.0858,0.146223,1.703302
"CATEGORY BENCHMARKS (BOTH SHOPS 10 & 463)","Mode & Accessoire","<= 500",Pre-CPO,13056,39,1301.59,0.0030,0.099693,33.374103
"CATEGORY BENCHMARKS (BOTH SHOPS 10 & 463)","Mode & Accessoire","> 1000",Post-CPO,2581,168,338.39,0.0651,0.131108,2.014226
"CATEGORY BENCHMARKS (BOTH SHOPS 10 & 463)","Mode & Accessoire","> 1000",Pre-CPO,168,0,16.09,0.0000,0.095774,NULL
"CATEGORY BENCHMARKS (BOTH SHOPS 10 & 463)","Sport & Outdoor","<= 10",Post-CPO,4747,405,207.01,0.0853,0.043609,0.511136
"CATEGORY BENCHMARKS (BOTH SHOPS 10 & 463)","Sport & Outdoor","<= 10",Pre-CPO,445,1,42.71,0.0022,0.095978,42.710000
"CATEGORY BENCHMARKS (BOTH SHOPS 10 & 463)","Sport & Outdoor","<= 100",Post-CPO,387732,48337,45481.49,0.1247,0.117301,0.940925
"CATEGORY BENCHMARKS (BOTH SHOPS 10 & 463)","Sport & Outdoor","<= 100",Pre-CPO,131468,97,13503.96,0.0007,0.102717,139.216082
"CATEGORY BENCHMARKS (BOTH SHOPS 10 & 463)","Sport & Outdoor","<= 1000",Post-CPO,58527,4304,9137.51,0.0735,0.156125,2.123027
"CATEGORY BENCHMARKS (BOTH SHOPS 10 & 463)","Sport & Outdoor","<= 1000",Pre-CPO,22952,17,2223.34,0.0007,0.096869,130.784706
"CATEGORY BENCHMARKS (BOTH SHOPS 10 & 463)","Sport & Outdoor","<= 20",Post-CPO,32386,3693,2025.16,0.1140,0.062532,0.548378
"CATEGORY BENCHMARKS (BOTH SHOPS 10 & 463)","Sport & Outdoor","<= 20",Pre-CPO,4877,19,472.11,0.0039,0.096803,24.847895
"CATEGORY BENCHMARKS (BOTH SHOPS 10 & 463)","Sport & Outdoor","<= 250",Post-CPO,373124,40046,56910.78,0.1073,0.152525,1.421135
"CATEGORY BENCHMARKS (BOTH SHOPS 10 & 463)","Sport & Outdoor","<= 250",Pre-CPO,83678,131,8374.12,0.0016,0.100076,63.924580
"CATEGORY BENCHMARKS (BOTH SHOPS 10 & 463)","Sport & Outdoor","<= 50",Post-CPO,227448,29034,19187.86,0.1277,0.084362,0.660876
"CATEGORY BENCHMARKS (BOTH SHOPS 10 & 463)","Sport & Outdoor","<= 50",Pre-CPO,48510,78,4897.32,0.0016,0.100955,62.786154
"CATEGORY BENCHMARKS (BOTH SHOPS 10 & 463)","Sport & Outdoor","<= 500",Post-CPO,108763,8610,14183.71,0.0792,0.130409,1.647353
"CATEGORY BENCHMARKS (BOTH SHOPS 10 & 463)","Sport & Outdoor","<= 500",Pre-CPO,18502,41,1728.58,0.0022,0.093427,42.160488
"CATEGORY BENCHMARKS (BOTH SHOPS 10 & 463)","Sport & Outdoor","> 1000",Post-CPO,71289,4441,11612.24,0.0623,0.162890,2.614780
"CATEGORY BENCHMARKS (BOTH SHOPS 10 & 463)","Sport & Outdoor","> 1000",Pre-CPO,28061,8,2821.75,0.0003,0.100558,352.718750
